Model,Mean_Predicted,Std_Dev_Predicted,Min_Predicted,Max_Predicted
Exponential_Pred,38647.798609194,30150.796641162626,4409.1780915155405,113533.6355922565
Logistic_Pred,38647.799400344535,29869.695941159072,6612.946408181282,108778.04958589307
Richards_Pred,38647.79969679471,30009.55048586342,6410.14530893687,109031.66643626279
Gompertz_Pred,38591.05251136721,29508.225289647027,7840.187911070878,102555.66651050748
Random Forest_Pred,38645.698805401014,30467.84649812511,46.75945238095238,105771.17
Gradient Boosting_Pred,38647.799323562576,30462.94095885107,27.000027366575047,105781.99995262701
Simple Average_Pred,33971.5624115995,22084.559141753976,39.87825127497217,75430.81024341723
Weighted Average (R2)_Pred,34028.59308374251,22178.10390954394,-22.65932181630961,75995.98871249941
Weighted Average (InvMSE)_Pred,33978.93020869579,22096.41236966892,34.15808648682945,75502.91689118157
