Model,Mean_Predicted,Std_Dev_Predicted,Min_Predicted,Max_Predicted
Exponential_Pred,38647.79865267864,30150.796525575883,4409.176809848873,113533.63294634936
Logistic_Pred,38647.799233168924,29869.696129051485,6612.947809492123,108778.05229177185
Richards_Pred,38647.79969679471,30009.55048586342,6410.14530893687,109031.66643626279
Gompertz_Pred,38647.79989353775,29495.46021926258,8083.419378414558,103102.99070772069
Simple Average_Pred,38647.799369045,29866.691629317153,6378.922326673106,108611.58559552616
Weighted Average (R2)_Pred,38647.79969679471,30009.55048586342,6410.14530893687,109031.66643626279
Weighted Average (InvMSE)_Pred,38647.79953758526,29942.482676795684,6390.05465103547,108852.2062301468
Random Forest_Pred,38631.58174552377,30456.675377559935,46.75945238095238,105771.17
Gradient Boosting_Pred,38647.799323562576,30462.94095885107,27.000027366575047,105781.99995262701
