Model,a,b,c,L,k,t0,nu,beta
Exponential,10275.319620738663,0.0027683210586092726,-5866.142487783594,,,,,
Logistic,,,2770.2134932822164,211563.9999998552,0.004508215219361831,885.0527582246849,,
Richards,,,2492.4905550834087,211563.99999999997,0.0045288744320565455,885.9999999999999,1.0103968510144474,
Gompertz,,,7846.1512486597785,211563.99999999997,0.0024171720646677143,,,6.7930907567698995
