Model,RMSE,R²,MAE
Exponential,7731.6605611145405,-1.5140727871707789,7057.198041902117
Logistic,7579.2375475517065,-1.2466965870098292,7090.880300941368
Richards,7522.156327993745,-1.090876718539268,7050.070435868215
Gompertz,7790.874612904494,-1.1944848807062916,7141.31587666446
