Model,a,b,c,L,k,t0,nu,beta
Exponential,10275.320214340816,0.002768320997222106,-5866.143404491943,,,,,
Logistic,,,2770.1823196332352,211563.99999997744,0.004508211243591243,885.0527314420478,,
Richards,,,2492.4905550834087,211563.99999999997,0.0045288744320565455,885.9999999999999,1.0103968510144474,
Gompertz,,,7846.150938480088,211563.99999999997,0.002417172053746509,,,6.793090674053574
