Model,RMSE,R²,MAE
Exponential,7731.617008985204,-1.514063108954065,7057.186855965655
Logistic,7576.950716101605,-1.248310388261132,7116.31245828864
Richards,3332.4420796110544,0.4306118321477399,2828.093941460788
Gompertz,7854.853787467298,-1.2094216434075278,7195.644272183228
