Model,Weight_R2,Weight_InvMSE,Growth_Rate_Param,Growth_Rate_Value
Exponential,0.25,0.23619663719071274,b (rate),0.0027683210586092726
Logistic,0.25,0.2913540410831062,k (rate),0.004508215219361831
Richards,0.25,0.24110940251168236,k (rate),0.0045288744320565455
Gompertz,0.25,0.2313399192144987,k (rate),0.0024171720646677143
