Weighting_Method,RMSE,R²,MAE
R²,11581.438307620016,0.8552990987696277,5328.982716763706
Inverse MSE,11703.229813114913,0.8522397197013659,5382.140075072861
