Weighting_Method,RMSE,R²,MAE
R²,4980.733325984966,0.9732371216945106,4204.84028445346
Inverse MSE,5002.337886195965,0.9730044434175996,4211.158660175715
