Model,Weight_R2,Weight_InvMSE,Growth_Rate_Param,Growth_Rate_Value
Exponential,,0.269274333376891,b (rate),0.002768321284470875
Logistic,,0.25502653643756484,k (rate),0.00450821083343723
Richards,,0.2441223623786255,k (rate),0.0045288744320565455
Gompertz,,0.23157676780691863,k (rate),776.9627316057267
