Weighting_Method,RMSE,R²,MAE
R²,5038.580485454553,0.9726118536163341,4228.000202599276
Inverse MSE,5030.362957045695,0.972701116590977,4222.509254662625
